repeat_idx,hidden_neurons,E4,task4_acc,one,both,neither
0,1,0.5,0.125,0.25,0.0,0.75
1,1,0.5,0.125,0.25,0.0,0.75
2,1,0.5,0.125,0.25,0.0,0.75
3,1,0.5,0.125,0.25,0.0,0.75
4,1,0.5,0.125,0.25,0.0,0.75
5,1,0.5,0.125,0.25,0.0,0.75
6,1,0.5,0.125,0.25,0.0,0.75
7,1,0.5,0.125,0.25,0.0,0.75
8,1,0.5,0.125,0.25,0.0,0.75
9,1,0.5,0.125,0.25,0.0,0.75
10,1,0.5,0.125,0.25,0.0,0.75
11,1,0.5,0.125,0.25,0.0,0.75
12,1,0.5,0.125,0.25,0.0,0.75
13,1,0.5,0.125,0.25,0.0,0.75
14,1,0.5,0.125,0.25,0.0,0.75
15,1,0.5,0.125,0.25,0.0,0.75
16,1,0.5,0.125,0.25,0.0,0.75
17,1,0.5,0.125,0.25,0.0,0.75
18,1,0.5,0.125,0.25,0.0,0.75
19,1,0.5,0.125,0.25,0.0,0.75
0,2,-1.0,0.5,1.0,0.0,0.0
1,2,-1.0,0.5,1.0,0.0,0.0
2,2,-1.0,0.5,1.0,0.0,0.0
3,2,-1.0,0.5,1.0,0.0,0.0
4,2,-1.0,0.5,1.0,0.0,0.0
5,2,-1.0,0.5,1.0,0.0,0.0
6,2,-1.0,0.5,1.0,0.0,0.0
7,2,-1.0,0.5,1.0,0.0,0.0
8,2,-1.0,0.5,1.0,0.0,0.0
9,2,-1.0,0.5,1.0,0.0,0.0
10,2,-1.0,0.5,1.0,0.0,0.0
11,2,-1.0,0.5,1.0,0.0,0.0
12,2,-1.0,0.5,1.0,0.0,0.0
13,2,-1.0,0.5,1.0,0.0,0.0
14,2,-1.0,0.5,1.0,0.0,0.0
15,2,-1.0,0.5,1.0,0.0,0.0
16,2,-1.0,0.5,1.0,0.0,0.0
17,2,-1.0,0.5,1.0,0.0,0.0
18,2,-1.0,0.5,1.0,0.0,0.0
19,2,-1.0,0.5,1.0,0.0,0.0
0,3,0.75,0.375,0.125,0.3125,0.5625
1,3,0.5,0.5,0.25,0.375,0.375
2,3,-0.5,0.625,0.75,0.25,0.0
3,3,-0.125,0.53125,0.5625,0.25,0.1875
4,3,-0.5,0.625,0.75,0.25,0.0
5,3,0.5,0.375,0.25,0.25,0.5
6,3,-0.5,0.625,0.75,0.25,0.0
7,3,-0.5,0.625,0.75,0.25,0.0
8,3,-0.5,0.625,0.75,0.25,0.0
9,3,0.0,0.3125,0.5,0.0625,0.4375
10,3,0.75,0.25,0.125,0.1875,0.6875
11,3,-0.125,0.53125,0.5625,0.25,0.1875
12,3,-0.125,0.53125,0.5625,0.25,0.1875
13,3,-0.125,0.53125,0.5625,0.25,0.1875
14,3,0.0,0.3125,0.5,0.0625,0.4375
15,3,0.75,0.125,0.125,0.0625,0.8125
16,3,0.75,0.125,0.125,0.0625,0.8125
17,3,0.625,0.34375,0.1875,0.25,0.5625
18,3,0.0,0.3125,0.5,0.0625,0.4375
19,3,0.125,0.53125,0.4375,0.3125,0.25
0,4,1.0,1.0,0.0,1.0,0.0
1,4,1.0,1.0,0.0,1.0,0.0
2,4,1.0,1.0,0.0,1.0,0.0
3,4,1.0,1.0,0.0,1.0,0.0
4,4,1.0,1.0,0.0,1.0,0.0
5,4,1.0,1.0,0.0,1.0,0.0
6,4,1.0,1.0,0.0,1.0,0.0
7,4,1.0,1.0,0.0,1.0,0.0
8,4,1.0,1.0,0.0,1.0,0.0
9,4,1.0,1.0,0.0,1.0,0.0
10,4,1.0,1.0,0.0,1.0,0.0
11,4,1.0,1.0,0.0,1.0,0.0
12,4,1.0,1.0,0.0,1.0,0.0
13,4,1.0,1.0,0.0,1.0,0.0
14,4,1.0,1.0,0.0,1.0,0.0
15,4,1.0,1.0,0.0,1.0,0.0
16,4,1.0,1.0,0.0,1.0,0.0
17,4,1.0,1.0,0.0,1.0,0.0
18,4,1.0,1.0,0.0,1.0,0.0
19,4,1.0,1.0,0.0,1.0,0.0
0,5,1.0,1.0,0.0,1.0,0.0
1,5,1.0,1.0,0.0,1.0,0.0
2,5,1.0,1.0,0.0,1.0,0.0
3,5,1.0,1.0,0.0,1.0,0.0
4,5,1.0,1.0,0.0,1.0,0.0
5,5,1.0,1.0,0.0,1.0,0.0
6,5,1.0,1.0,0.0,1.0,0.0
7,5,1.0,1.0,0.0,1.0,0.0
8,5,1.0,1.0,0.0,1.0,0.0
9,5,1.0,1.0,0.0,1.0,0.0
10,5,1.0,1.0,0.0,1.0,0.0
11,5,1.0,1.0,0.0,1.0,0.0
12,5,1.0,1.0,0.0,1.0,0.0
13,5,1.0,1.0,0.0,1.0,0.0
14,5,1.0,1.0,0.0,1.0,0.0
15,5,1.0,1.0,0.0,1.0,0.0
16,5,1.0,1.0,0.0,1.0,0.0
17,5,1.0,1.0,0.0,1.0,0.0
18,5,1.0,1.0,0.0,1.0,0.0
19,5,1.0,1.0,0.0,1.0,0.0
0,6,1.0,1.0,0.0,1.0,0.0
1,6,1.0,1.0,0.0,1.0,0.0
2,6,1.0,1.0,0.0,1.0,0.0
3,6,1.0,1.0,0.0,1.0,0.0
4,6,1.0,1.0,0.0,1.0,0.0
5,6,1.0,1.0,0.0,1.0,0.0
6,6,1.0,1.0,0.0,1.0,0.0
7,6,1.0,1.0,0.0,1.0,0.0
8,6,1.0,1.0,0.0,1.0,0.0
9,6,1.0,1.0,0.0,1.0,0.0
10,6,1.0,1.0,0.0,1.0,0.0
11,6,1.0,1.0,0.0,1.0,0.0
12,6,1.0,1.0,0.0,1.0,0.0
13,6,1.0,1.0,0.0,1.0,0.0
14,6,1.0,1.0,0.0,1.0,0.0
15,6,1.0,1.0,0.0,1.0,0.0
16,6,1.0,1.0,0.0,1.0,0.0
17,6,1.0,1.0,0.0,1.0,0.0
18,6,1.0,1.0,0.0,1.0,0.0
19,6,1.0,1.0,0.0,1.0,0.0
0,8,1.0,1.0,0.0,1.0,0.0
1,8,1.0,1.0,0.0,1.0,0.0
2,8,1.0,1.0,0.0,1.0,0.0
3,8,1.0,1.0,0.0,1.0,0.0
4,8,1.0,1.0,0.0,1.0,0.0
5,8,1.0,1.0,0.0,1.0,0.0
6,8,1.0,1.0,0.0,1.0,0.0
7,8,1.0,1.0,0.0,1.0,0.0
8,8,1.0,1.0,0.0,1.0,0.0
9,8,1.0,1.0,0.0,1.0,0.0
10,8,1.0,1.0,0.0,1.0,0.0
11,8,1.0,1.0,0.0,1.0,0.0
12,8,1.0,1.0,0.0,1.0,0.0
13,8,1.0,1.0,0.0,1.0,0.0
14,8,1.0,1.0,0.0,1.0,0.0
15,8,1.0,1.0,0.0,1.0,0.0
16,8,1.0,1.0,0.0,1.0,0.0
17,8,1.0,1.0,0.0,1.0,0.0
18,8,1.0,1.0,0.0,1.0,0.0
19,8,1.0,1.0,0.0,1.0,0.0
0,10,1.0,1.0,0.0,1.0,0.0
1,10,1.0,1.0,0.0,1.0,0.0
2,10,1.0,1.0,0.0,1.0,0.0
3,10,1.0,1.0,0.0,1.0,0.0
4,10,1.0,1.0,0.0,1.0,0.0
5,10,1.0,1.0,0.0,1.0,0.0
6,10,1.0,1.0,0.0,1.0,0.0
7,10,1.0,1.0,0.0,1.0,0.0
8,10,1.0,1.0,0.0,1.0,0.0
9,10,1.0,1.0,0.0,1.0,0.0
10,10,1.0,1.0,0.0,1.0,0.0
11,10,1.0,1.0,0.0,1.0,0.0
12,10,1.0,1.0,0.0,1.0,0.0
13,10,1.0,1.0,0.0,1.0,0.0
14,10,1.0,1.0,0.0,1.0,0.0
15,10,1.0,1.0,0.0,1.0,0.0
16,10,1.0,1.0,0.0,1.0,0.0
17,10,1.0,1.0,0.0,1.0,0.0
18,10,1.0,1.0,0.0,1.0,0.0
19,10,1.0,1.0,0.0,1.0,0.0
