series,metric,x,mean,low,high
Synthetic: fresh,I_CV,2,0.04929299999999994,0.03667548499999996,0.06250373999999993
Synthetic: fresh,I_CV,3,0.017026799999999932,0.010220724999999922,0.024798019999999928
Synthetic: fresh,I_CV,4,0.002868199999999943,0.0006181699999999329,0.005675274999999939
Synthetic: fresh,I_CV,5,0.00011339999999997487,8.319999999997936e-05,0.00014759999999996412
MNIST: held out,global_icv,2,0.016879999999999968,0.01324999999999998,0.020679999999999945
MNIST: held out,global_icv,3,0.008559999999999996,0.00726,0.00995
MNIST: held out,global_icv,4,0.007069999999999998,0.00618,0.00795
MNIST: held out,global_icv,5,0.00698,0.00606,0.00795
HD=2,I_CV,0,0.0,0.0,0.0
HD=2,I_CV,1,0.016924999999999964,0.012049374999999972,0.02209999999999996
HD=2,I_CV,5,0.03464999999999997,0.025849374999999966,0.044201249999999956
HD=2,I_CV,10,0.020824999999999965,0.014249999999999968,0.02794999999999994
HD=2,I_CV,20,0.03739999999999996,0.028649999999999953,0.04692499999999996
HD=2,I_CV,30,0.06339999999999996,0.05204937499999995,0.07534999999999996
HD=2,I_CV,40,0.062274999999999955,0.05047437499999996,0.07422562499999996
HD=2,I_CV,50,0.05389999999999997,0.041774374999999975,0.06639999999999999
HD=2,I_CV,60,0.05019999999999999,0.03747437499999998,0.06350187499999994
HD=2,I_CV,70,0.05007499999999998,0.036949999999999976,0.06379999999999998
HD=2,I_CV,80,0.05004999999999998,0.036899999999999974,0.06392499999999998
HD=3,I_CV,0,0.0,0.0,0.0
HD=3,I_CV,1,0.02164999999999997,0.017974999999999974,0.025199999999999965
HD=3,I_CV,5,0.03772499999999997,0.026349999999999967,0.05057562499999996
HD=3,I_CV,10,0.02707499999999997,0.02007499999999999,0.03447562499999996
HD=3,I_CV,20,0.05577499999999998,0.04507499999999996,0.06617499999999994
HD=3,I_CV,30,0.04422499999999998,0.03552499999999999,0.052975624999999985
HD=3,I_CV,40,0.027024999999999993,0.020824999999999993,0.03292499999999999
HD=3,I_CV,50,0.02064999999999999,0.013799999999999984,0.02799999999999998
HD=3,I_CV,60,0.018624999999999996,0.011549999999999998,0.02654999999999999
HD=3,I_CV,70,0.017274999999999995,0.010549374999999995,0.024874999999999998
HD=3,I_CV,80,0.016799999999999995,0.010199999999999994,0.024324999999999992
HD=4,I_CV,0,0.0,0.0,0.0
HD=4,I_CV,1,0.03344999999999997,0.024774374999999967,0.042949999999999974
HD=4,I_CV,5,0.024499999999999977,0.017199999999999986,0.03270062499999997
HD=4,I_CV,10,0.033024999999999964,0.026024999999999972,0.03942499999999995
HD=4,I_CV,20,0.05507499999999997,0.04532437499999997,0.06417562499999996
HD=4,I_CV,30,0.026549999999999983,0.018674374999999983,0.035175624999999974
HD=4,I_CV,40,0.008574999999999994,0.004199999999999995,0.013999999999999995
HD=4,I_CV,50,0.005024999999999997,0.0016000000000000003,0.009424999999999994
HD=4,I_CV,60,0.003725,0.0008750000000000002,0.007124999999999999
HD=4,I_CV,70,0.003149999999999998,0.0007250000000000001,0.0061999999999999954
HD=4,I_CV,80,0.003049999999999998,0.0007000000000000001,0.006024999999999993
HD=5,I_CV,0,0.0,0.0,0.0
HD=5,I_CV,1,0.032799999999999954,0.024074999999999964,0.04405062499999994
HD=5,I_CV,5,0.03362499999999996,0.024824999999999965,0.04324999999999997
HD=5,I_CV,10,0.028274999999999956,0.020924999999999964,0.035774999999999946
HD=5,I_CV,20,0.030949999999999978,0.023274999999999976,0.03944999999999997
HD=5,I_CV,30,0.005399999999999993,0.0028243749999999905,0.008500624999999989
HD=5,I_CV,40,0.00042500000000000003,0.00015000000000000001,0.00075
HD=5,I_CV,50,0.00025000000000000006,0.000125,0.0004
HD=5,I_CV,60,0.00025,0.0001,0.00042500000000000003
HD=5,I_CV,70,0.0002,7.500000000000001e-05,0.00032500000000000004
HD=5,I_CV,80,0.0002,7.500000000000001e-05,0.00032500000000000004
Synthetic,S,1,2.85,2.55,3.15
Synthetic,S,2,1.05625,1.0125,1.10625
Synthetic,S,3,2.9125,2.70625,3.1125
Synthetic,S,4,2.0,2.0,2.0
Synthetic,S,5,2.0,2.0,2.0
Synthetic,S,6,2.0,2.0,2.0
Synthetic,S,8,2.0,2.0,2.0
Synthetic,S,10,2.0,2.0,2.0
MNIST: matched carriers,S,1,3.384375,3.246875,3.503125
MNIST: matched carriers,S,2,0.79375,0.634375,0.953125
MNIST: matched carriers,S,3,2.790625,2.5592968750000002,3.0
MNIST: matched carriers,S,4,2.146875,2.05625,2.25
MNIST: matched carriers,S,5,2.0875,2.03125,2.146875
MNIST: matched carriers,S,6,2.034375,2.0124218750000002,2.059375
MNIST: matched carriers,S,8,1.996875,1.9875,2.00625
MNIST: matched carriers,S,10,2.0,2.0,2.0
