HD,repeat,replica,CV_A,signed_gap_A,paired_mc_se_A,CV_B,signed_gap_B,paired_mc_se_B,CV_C,signed_gap_C,paired_mc_se_C,CV_D,signed_gap_D,paired_mc_se_D,CV_E,signed_gap_E,paired_mc_se_E,I_CV,sample_disagreement,mean_task_success
2,0,0.5,0.010259999999999951,-0.009779999999999999,0.0005386518565653,0.0041,-0.00409999999999995,0.00043089679995455,0.00148,-0.00148,0.00023060911438601222,0.10073999999999994,-0.10074,0.0001966687365950122,0.03631999999999995,0.03444,0.00084858643713755,0.03058,0.031252,0.98263
2,1,0.5,0.00281999999999995,-0.0013399999999999998,0.000391325718694,0.00171999999999995,0.00172,0.00021775629396345,0.01275999999999995,0.0009599999999999999,0.00069229157801175,0.003,0.0029999999999999498,0.0003717791483696,0.02145999999999995,0.02146,0.00079455456262265,0.00835199999999995,0.009336,0.972132
2,2,0.5,0.1165199999999999,-0.04828,0.00121037034986395,0.00069999999999997,-0.0007000000000000001,0.00017409024012584578,0.0015599999999999499,-0.00023999999999999998,0.00034520611974685,0.0062999999999999,0.00586000000000005,0.00040546265662219996,0.09963999999999999,-0.09963999999999999,0.00012935258490611235,0.0449439999999999,0.045416,0.971752
2,3,0.5,0.004239999999999935,0.00424,0.00038248424648705,0.00241999999999995,-0.00126,0.00033263019778,0.0930399999999999,-0.09304000000000001,0.00067847783584545,0.008699999999999949,-0.0087,0.0006200358698534,0.09859999999999997,-0.09860000000000001,0.0002019776450871122,0.0413999999999999,0.04216799999999995,0.9753200000000001
2,4,0.5,0.0099399999999999,-0.009940000000000001,0.00069673850809415,0.0031199999999998998,-0.0009200000000000501,0.00043792912190505,0.0198799999999999,0.01988,0.00075592699129245,0.00107999999999995,-0.0010799999999999,0.00022766257297795,0.006859999999999935,-0.00678,0.0004097609636145965,0.0081759999999999,0.009576,0.9935879999999999
2,5,0.5,0.010799999999999949,0.010799999999999999,0.00052883617378165,0.09961999999999994,-0.09962,0.000156305227706,0.01554,-0.01554,0.00076603612719505,0.0017599999999998999,0.0005600000000000001,0.00027766340376605,0.10089999999999995,0.10089999999999999,0.00046254503277215,0.045723999999999945,0.046259999999999996,0.975258
2,6,0.5,0.011419999999999951,-0.01126,0.00058432876780015,0.10263999999999994,0.10264,0.0003989433205361,0.00119999999999985,0.0012,0.00021018582367405,0.0009199999999999001,0.00092,0.0001933003646128,0.09543999999999996,0.09140000000000001,0.0005576041058789,0.0423239999999999,0.043348000000000005,0.9754499999999999
2,7,0.5,0.17524,0.17524,0.0008882689316696,0.01097999999999995,0.00802,0.00062588631189065,0.0037800000000000004,0.0023000000000000503,0.00059231326893625,0.09185999999999996,-0.09122,0.0005100467303660501,9.999999999995e-05,-0.0001,5.997065362205e-05,0.056392,0.058184,0.947796
2,8,0.5,0.0941,-0.09409999999999995,0.00048704692582570005,0.0711599999999999,-0.06996,0.00075743195756145,0.06459999999999995,0.056920000000000054,0.0010335532864463,0.1050999999999999,-0.0927,0.00051099605338185,0.08489999999999995,0.08366,0.0006393898601382,0.08397199999999995,0.08406000000000001,0.929162
2,9,0.5,0.01059999999999995,0.00903999999999995,0.0005554586647343,0.00218,-0.00218,0.00020653825701385,0.01796,0.01748000000000005,0.000766208433667,0.10357999999999991,-0.09426,0.00044436365318915,0.10063999999999991,0.10064,0.0002084388148366,0.04699199999999995,0.049,0.951008
2,10,0.5,0.00936,0.0036399999999999996,0.0006320283941207,0.0985999999999999,-0.09860000000000001,0.00027403242175475,0.00143999999999995,0.00143999999999995,0.0002702512013738,0.00663999999999995,0.00664,0.0005017820221185,0.08713999999999995,0.08714,0.00117417991719915,0.04063599999999995,0.04184399999999995,0.9766980000000001
2,11,0.5,0.09977999999999994,0.09978,0.0003719360603824,0.00034,0.00034,0.0001146625898098,0.16029999999999994,-0.039500000000000056,0.0007366502128937992,0.07209999999999994,-0.0721,0.0009847869195865,0.09368,-0.07744000000000005,0.0012826627708674,0.08523999999999995,0.087008,0.9425680000000001
2,12,0.5,0.02478,-0.02478,0.00067458743958265,0.00012,0.0,6.926817173798645e-05,0.1024799999999999,-0.0956,0.00040663357875625006,0.14219999999999994,-0.14219999999999994,0.0011195587770223,0.26436,0.26436,0.0008974507403525001,0.10678799999999995,0.10739599999999999,0.9441660000000001
2,13,0.5,0.10439999999999995,-0.09452,0.0004254488124681,0.014439999999999899,0.004399999999999999,0.0007357335401492,0.19927999999999996,-0.00044000000000000983,0.00016029358198755,0.09211999999999995,0.09183999999999995,0.0007145148441395,0.10267999999999995,-0.09708,0.00028509991939577666,0.1025839999999999,0.10395199999999999,0.9454039999999999
2,14,0.5,0.00881999999999995,-0.00882,0.0004010906315771,0.0006999999999999144,-0.00069999999999995,0.0002836691568706,0.0998399999999999,-0.09984,0.000143998269707,0.00645999999999995,-0.0064600000000000005,0.0005736568447286,0.00281999999999995,-0.0028199999999999497,0.0005858751981712,0.023727999999999902,0.027104000000000003,0.963836
2,15,0.5,0.06518,-0.06518,0.00084832065008385,0.07377999999999996,-0.06554,0.00104204737530585,0.19408,-0.19408,0.00111950403148405,0.11089999999999996,0.1109,0.0004918679065916766,0.0043,0.0043,0.00033203095187265294,0.089648,0.10011199999999999,0.943172
2,16,0.5,0.014459999999999949,0.006940000000000049,0.00071050108164175,0.01142,-0.01142,0.0006370881553647,0.1008999999999999,0.10089999999999999,0.00019559850520101235,0.1003599999999999,0.0996,0.00010703743506685,0.018959999999999953,-0.01895999999999995,0.0007196088692723,0.04921999999999995,0.049884,0.972754
2,17,0.5,0.0014199999999999144,0.00142,0.0002296146101600122,8e-05,-7.999999999995e-05,3.999399834951235e-05,0.004839999999999984,0.0047599999999999995,0.0003721108820054465,0.04729999999999995,0.0473,0.00093790877582805,0.0123999999999999,-0.0124,0.0006563334178536,0.0132079999999999,0.0150879999999999,0.9800439999999999
2,18,0.5,0.0017599999999999998,0.00175999999999995,0.0002470726326806,0.04346,-0.04346,0.0010130489689222,0.00037999999999995,0.00037999999999995004,0.00020214864484131983,0.00451999999999995,-0.00180000000000005,0.00041279286871409994,0.00673999999999995,0.00673999999999995,0.00036122914790955,0.011372,0.01167599999999995,0.973042
2,19,0.5,0.11080000000000001,-0.08892,0.0005534836609924499,0.0184599999999999,-0.018019999999999998,0.0006656753091741499,0.03334,0.03333999999999995,0.000783397374052,0.00385999999999997,-0.00382,0.00030783495273377755,0.10643999999999991,-0.0888,0.0006284206969592,0.05458,0.056187999999999995,0.970518
3,0,0.5,0.0002199999999999845,-0.00013999999999995,0.00014992222185344648,0.00077999999999995,0.00077999999999995,0.00019270607267824998,8.000000000008001e-05,-8.000000000000002e-05,8.899179520572607e-05,0.08398,-0.08162,0.0007287386718585,0.00017999999999995,-0.00018,5.99626475718e-05,0.017048,0.017367999999999998,0.989948
3,1,0.5,0.0010799999999999,0.0007999999999999999,0.00019227370583194998,0.00305999999999995,0.00306,0.0003424027092023,0.00053999999999995,1.9999999999999998e-05,0.00018302086018625002,0.10205999999999994,-0.10206,0.00024230340307559322,0.0002599999999999,6.000000000005002e-05,0.0001231927112363,0.021399999999999902,0.021528000000000002,0.9888
3,2,0.5,0.00082000000000002,0.00078,0.0003006219203531958,0.07806000000000002,0.07801999999999999,0.0006384190241111,0.0003599999999999,0.00035999999999995,0.00023524045003239997,0.0008399999999999845,-0.00084,0.00018254687733804998,0.00172000000000002,-0.0016799999999999999,0.0002235443098129,0.01636,0.017263999999999998,0.9907600000000001
3,3,0.5,0.0022999999999999,0.00057999999999995,0.00029909284007825,0.00098,0.00037999999999995,0.0002268392470366,0.10013999999999999,-0.09934,0.00017771375093565,0.00177999999999995,0.0016600000000000499,0.00037497618742415,7.999999999996449e-05,-3.9999999999999996e-05,5.463870621131221e-05,0.02105599999999995,0.02152,0.9889600000000001
3,4,0.5,0.00066000000000002,-0.00062,0.00016919846926575,0.00079999999999985,-0.00068000000000005,0.00026479928515575,4.0000000000040004e-05,-4e-05,7.726546038134812e-05,0.00013999999999996998,9.999999999995e-05,6.896528892903607e-05,0.00021999999999995,5.999999999999998e-05,9.287125711845916e-05,0.00037199999999994995,0.00062,0.999554
3,5,0.5,0.00065999999999995,0.00066,0.00020759100952505,0.0034799999999999,0.00327999999999995,0.00031843710449297837,0.05706000000000002,0.05702,0.00072013264253525,0.0005799999999999,-0.00058,0.0002500575383928,0.0008799999999999,-0.00072,0.0001781146406552849,0.0125319999999999,0.01305199999999995,0.993158
3,6,0.5,0.1234999999999999,-0.12349999999999994,0.00116272542728095,0.00085999999999995,-0.0005,0.00023759926214095002,9.999999999998449e-05,-1.9999999999949996e-05,9.369614126479651e-05,0.09997999999999993,0.09998,8.361244615141991e-05,0.10930000000000001,-0.07998,0.00082263947209125,0.06674799999999989,0.068804,0.9627140000000001
3,7,0.5,0.006659999999999951,-0.00202,0.0005010975891729,0.00011999999999997,8.000000000000002e-05,0.0001110057956299784,0.0020199999999999502,-0.00202,0.00025163951270365,0.00359999999999995,-0.0034800000000000503,0.00029599081807284324,0.00027999999999997,-0.00028,0.0001167386250937439,0.00253599999999995,0.002608,0.998528
3,8,0.5,0.0030199999999999,-0.0014999999999999998,0.000359534514902,0.060059999999999954,-0.04985999999999995,0.00101606182273235,0.021300000000000003,0.02129999999999995,0.0006800059600983499,0.04617999999999995,-0.04618,0.00085791562914705,0.09969999999999994,0.09954,0.00012700888137695917,0.046052,0.046164,0.974418
3,9,0.5,0.0013999999999999501,0.0013999999999999501,0.00028662811042903607,0.00158000000000002,0.00158,0.00022226249418704053,0.09706000000000004,-0.09698,0.00028048409606126236,0.00023999999999990002,-0.00024000000000000003,0.00020350865128125,6.0000000000004494e-05,-6.000000000000001e-05,4.8281442113046484e-05,0.020067999999999947,0.02061199999999995,0.988974
3,10,0.5,0.00021999999999990002,0.00021999999999995,0.00010942916734260001,0.0033199999999999497,-0.00332,0.00035892778030379997,0.00012,0.00011999999999995,0.0001356495490594,0.0013,0.0013,0.00018849675469777145,6e-05,5.999999999995e-05,3.4634085868993225e-05,0.0010039999999999,0.001188,0.999266
3,11,0.5,0.00043999999999995,-0.00011999999999999996,0.0001312647045606,0.09998000000000001,-0.09998,6.292297745877411e-05,0.00097999999999995,-9.999999999999999e-05,0.00025520638705365,0.0006799999999999,0.00024000000000005001,0.00018990476595225,0.0324799999999999,0.032479999999999995,0.0007196887751317,0.0269119999999999,0.027144,0.9853399999999999
3,12,0.5,0.0016399999999999,0.00119999999999995,0.0002417300666989,0.00013999999999996998,0.00013999999999995,9.12001757817122e-05,0.10859999999999995,-0.09087999999999999,0.00048574823105435,0.0019199999999999,-0.00191999999999995,0.00026678819725035,7.999999999996449e-05,-7.999999999995e-05,0.0001882746421122122,0.0224759999999999,0.02288399999999995,0.9877739999999999
3,13,0.5,4.000000000004e-05,4e-05,8.00053341631e-05,0.00044,0.00032000000000005,0.0001458707467274432,0.012539999999999898,0.012539999999999999,0.0006751967469545001,0.13531999999999988,-0.13531999999999994,0.0008102244382492999,0.0007799999999999845,-0.00078,0.0001527546469232965,0.029823999999999948,0.029928,0.984764
3,14,0.5,0.00013999999999995,-0.00014,0.00014235005455625,0.00403999999999995,-0.00404,0.00031112959112776224,7.999999999996449e-05,-3.999999999995001e-05,0.00011104790421109391,0.0075399999999999,-0.00521999999999995,0.0004996962202263,0.00859999999999995,-8.000000000000021e-05,0.00058580357318905,0.0040799999999999,0.004288,0.9976920000000001
3,15,0.5,0.0073599999999999,-0.0016000000000000497,0.00053414319570625,0.00376,-0.0027199999999999998,0.00035215075147715,0.00291999999999985,-0.0018000000000000002,0.00032024202521684997,0.0109599999999999,0.01095999999999995,0.00057088049250705,0.00066,-0.00065999999999995,0.0001928725360829,0.00513199999999995,0.00523599999999995,0.997158
3,16,0.5,0.1004799999999999,-0.0992,0.0001693373103233,0.0086,0.007679999999999999,0.00051137664722405,0.0013799999999999498,-0.00138,0.00022281630531189998,0.00219999999999995,0.0020399999999999997,0.00024568092692710914,0.00409999999999995,-0.0005799999999999501,0.00040408248191874997,0.023351999999999953,0.023655999999999948,0.986772
3,17,0.5,0.0007599999999999,-0.0007599999999999501,0.00022596397387155,9.999999999991449e-05,0.0001,7.656288422605001e-05,0.0007199999999999845,-0.00071999999999995,0.00014451492285074647,0.0023399999999999498,-0.00233999999999995,0.00038814552847005,0.0023999999999999,0.00224,0.0002619393468488849,0.0012639999999999002,0.0017039999999999998,0.998356
3,18,0.5,0.00010000000000002001,-0.0001,9.788508353457122e-05,0.00093999999999995,-0.00094,0.00018412820294955,0.0007199999999999501,-0.00060000000000005,0.0002293658606074932,0.0006599999999999499,0.00045999999999999996,0.00015397225140142842,0.0021599999999999,0.00216,0.00024183662367000916,0.0009159999999999,0.001212,0.998934
3,19,0.5,0.0003599999999999345,-0.00028000000000000003,0.0001364470138046,0.005039999999999951,-0.00504,0.00042310772262705,0.0006399999999999501,0.0006399999999999501,0.0001846948754158,0.00052000000000002,0.00048,0.0001383158372309712,0.00045999999999997,0.00042,0.00018149560926532121,0.0014039999999999,0.001676,0.9987900000000001
4,0,0.5,8.000000000002e-05,-7.999999999995e-05,5.463408586899322e-05,0.00178,0.0012200000000000002,0.00024893081271679996,0.00015999999999999,-7.999999999995e-05,9.653282861566235e-05,0.00019999999999999998,-0.00019999999999995,0.00010094365826904322,0.00019999999999985,-8.000000000004999e-05,0.00010469110305031984,0.00048399999999995,0.00053999999999995,0.9996380000000001
4,1,0.5,0.0002199999999999145,-0.00018,9.480962034295e-05,9.999999999991449e-05,6.000000000000001e-05,5.9987995798259166e-05,1.999999999996449e-05,-2e-05,4.82842712474619e-05,9.999999999998449e-05,1.9999999999949996e-05,8.471778098236983e-05,0.00099999999999995,0.0007999999999999999,0.0001782757974857784,0.0002879999999999,0.000328,0.999728
4,2,0.5,0.00015999999999995,-0.00016,9.149848464177143e-05,3.999999999998449e-05,-4e-05,5.4643325937421216e-05,6e-05,5.999999999995e-05,5.291351403935e-05,6.0000000000004494e-05,-2e-05,6.000000000000001e-05,0.00012,-0.0001199999999999,7.935186685136306e-05,8.79999999999589e-05,0.000144,0.9998279999999999
4,3,0.5,0.00032,0.00031999999999995,0.00011215388410023606,0.0002999999999999345,-0.00021999999999999998,0.00012101585111366284,0.0001599999999999145,-0.00011999999999999999,7.28832613202e-05,0.00034000000000002003,-0.00030000000000000003,0.0001047405227222,0.0001999999999999345,0.0002,8.481036483244648e-05,0.0002639999999999925,0.000288,0.999768
4,4,0.5,0.00015999999999995,-0.00016,7.480641148885e-05,0.00788,0.00787999999999995,0.0004565637245146,0.0056,-0.0056,0.0004083701056953,0.00029999999999999,-0.0003,0.00010030869421286191,0.0008599999999999845,-0.00078,0.00015583054542129648,0.00295999999999995,0.00304,0.9983040000000001
4,5,0.5,0.00019999999999997,-0.00015999999999995,7.997865860365e-05,0.0001799999999999,0.00018,8.469145964543756e-05,0.00010000000000002001,-6.000000000000001e-05,8.321518197269999e-05,0.00095999999999999,-0.00096,0.0001633189589146119,0.0002799999999999145,0.00023999999999999998,9.20244229654e-05,0.00034399999999995274,0.000368,0.999736
4,6,0.5,0.00097999999999995,-0.00098,0.00017356032943685915,0.00014000000000000001,-0.00013999999999995,7.462208166725239e-05,0.0,0.0,6.829110069902146e-05,0.00241999999999995,0.0024200000000000003,0.00025114832558896223,4.0000000000040004e-05,4e-05,0.00010308036574024649,0.0007159999999999647,0.0008039999999999499,0.9994419999999999
4,7,0.5,0.00077999999999995,0.00066,0.00015421326397269323,9.999999999997e-05,-9.999999999995e-05,6.898652810709489e-05,0.0013199999999999644,-0.0012799999999999999,0.0002045485158366712,2.000000000002e-05,-2e-05,2e-05,0.00035999999999995,-0.00035999999999995,0.00012707891666741985,0.0005159999999999487,0.00058,0.999626
4,8,0.5,0.0762799999999999,0.07539999999999995,0.0006990300882023999,0.00075999999999995,0.0007599999999999501,0.00021263641469215002,0.0012399999999999345,0.00124,0.0001822866846982119,0.00335999999999995,-0.00335999999999995,0.00030697866369075,0.0006199999999998999,-0.00050000000000005,0.00015026164817311984,0.0164519999999999,0.01658,0.991498
4,9,0.5,0.09995999999999994,-0.09996,7.998799579825916e-05,0.00043999999999984996,-0.00044,0.0001399192754212,6e-05,-5.999999999995e-05,4.4717780982369845e-05,0.00030000000000004,0.00021999999999999998,0.00011066977604149648,0.00073999999999995,-0.0007400000000000001,0.00017278040969590002,0.02029999999999995,0.02036399999999995,0.989706
4,10,0.5,0.00141999999999995,-0.0014199999999999998,0.0002420720886188,3.999999999998449e-05,4e-05,2.828144211304648e-05,0.00041999999999995004,-0.00041999999999995,0.00014557179857325,0.0012199999999999644,0.00122,0.00017400241345075,9.999999999995e-05,-0.0001,4.470346384717841e-05,0.0006399999999999,0.00068,0.9995679999999999
4,11,0.5,0.00011999999999993449,4e-05,7.726306968878138e-05,8e-05,8e-05,6.82750958971806e-05,0.00021999999999995,0.00022,0.00010629909097485002,0.00202,-0.0009,0.00031085858455539997,4.000000000004e-05,0.0,4e-05,0.0004959999999999999,0.000616,0.999576
4,12,0.5,3.999999999992898e-05,-4e-05,4e-05,0.0015199999999999,-0.00135999999999995,0.00020848416249540916,9.999999999995e-05,0.0001,4.470346384717841e-05,0.00014000000000002,9.999999999995e-05,8.322910393095e-05,8.000000000002e-05,-7.999999999995e-05,9.211324471975e-05,0.00037599999999989996,0.00043199999999995,0.9997199999999999
4,13,0.5,3.999999999992898e-05,-4e-05,4e-05,0.03314,-0.03314,0.000694446079152162,0.00917999999999995,-0.00858,0.0005271605027426,0.01502,-0.01502,0.0005053028658114,2.000000000002e-05,2e-05,2e-05,0.011479999999999949,0.011592,0.9940960000000001
4,14,0.5,8.000000000002e-05,-3.999999999995e-05,6.471778098236984e-05,0.00025999999999995,-0.00025999999999995,0.00010627825812820917,4.0000000000040004e-05,4e-05,5.6568542211967915e-05,0.00043999999999995003,-0.00023999999999995,0.00013175744525602842,0.0010599999999999345,0.0010600000000000002,0.00017039392992404648,0.00037599999999995005,0.000408,0.999664
4,15,0.5,4.0000000000040004e-05,-4e-05,3.9999999999999996e-05,0.0009399999999999845,0.00094,0.0001735723336386,0.0002999999999999,-0.00014,0.00014620608230105,0.0015199999999999645,-0.00148,0.0002111546038950712,2.000000000002e-05,2e-05,7.30102488253517e-05,0.00056399999999995,0.000676,0.9995619999999998
4,16,0.5,3.999999999998449e-05,4e-05,4e-05,3.999999999998449e-05,6.776263578034403e-21,7.290141502775e-05,0.0005799999999999845,-0.00058,0.0001511042250761,0.00013999999999995,-0.00013999999999995,7.462208166725239e-05,0.00021999999999995,-1.999999999994999e-05,0.0001161305189587,0.0002039999999999536,0.000276,0.99973
4,17,0.5,9.999999999995e-05,0.0001,4.470346384717841e-05,0.0001799999999999,-1.9999999999999998e-05,8.469145964543756e-05,0.00019999999999995,-0.0002,6.31885951712e-05,0.0005599999999999501,-0.00027999999999995,0.0001916479037259,0.00025999999999995,-0.00026,9.158688569615e-05,0.0002599999999999,0.000364,0.999698
4,18,0.5,0.00015999999999997,-0.00011999999999999999,7.28832613202e-05,0.00013999999999995,0.00014000000000000001,9.997465831530915e-05,8.000000000002e-05,-3.999999999995e-05,5.463408586899324e-05,8e-05,-8e-05,7.726872767465634e-05,9.999999999998449e-05,-1.9999999999949996e-05,6.291552798203971e-05,0.00011199999999995,0.00015199999999995,0.999804
4,19,0.5,0.0013599999999999344,-0.00136,0.0002179810304255,0.00056,0.00056,0.00010554386719075,0.0,0.0,2.8287100098921436e-05,0.00012,-0.0001199999999999,6.926817173798645e-05,0.00017999999999995,0.00018,0.00012470346384717843,0.00044399999999994997,0.000524,0.999674
5,0,0.5,0.0,0.0,0.0,6e-05,6e-05,6.292580631023364e-05,1.999999999996449e-05,2e-05,2e-05,9.99999999998845e-05,-9.999999999995001e-05,6.29155279820397e-05,8.000000000002e-05,7.999999999995e-05,6.927741180641444e-05,5.199999999998539e-05,6.8e-05,0.999922
5,1,0.5,8.000000000002e-05,7.999999999995e-05,5.463408586899324e-05,0.00017999999999995,0.00017999999999995,5.9951971175e-05,0.0001799999999999345,-0.00017999999999999998,9.290341537781251e-05,0.00011999999999991449,0.00012,7.290141502775e-05,3.999999999992898e-05,0.0,4e-05,0.00011999999999993849,0.00013599999999995002,0.9998440000000002
5,2,0.5,6.0000000000004494e-05,6.000000000000001e-05,7.464332593742121e-05,3.999999999998449e-05,4e-05,6.472493783129053e-05,3.999999999998449e-05,4e-05,2.828144211304648e-05,2.000000000002e-05,2e-05,3.464332593742121e-05,9.999999999998449e-05,9.999999999995001e-05,6.29155279820397e-05,5.1999999999996493e-05,9.2e-05,0.99989
5,3,0.5,1.999999999996449e-05,-2e-05,2e-05,0.00015999999999998448,7.999999999994998e-05,7.724673104208254e-05,0.0,0.0,0.0,0.00010000000000004,-1.9999999999949996e-05,6.29155279820397e-05,6e-05,-5.999999999995e-05,3.463408586899323e-05,6.79999999999549e-05,6.8e-05,0.99993
5,4,0.5,0.00013999999999999,-0.00014000000000000001,9.290141502775e-05,0.0,0.0,0.0,2.000000000002e-05,-2e-05,2e-05,5.999999999994898e-05,2e-05,4.828427124746191e-05,8e-05,8e-05,3.998799579825916e-05,6.0000000000004494e-05,7.6e-05,0.999922
5,5,0.5,0.00018,-0.00017999999999995,5.997065362205e-05,0.0,0.0,2.8287100098921436e-05,7.999999999995e-05,-8e-05,3.998799579825916e-05,0.0002999999999999,-0.00030000000000000003,0.00010942209158634999,0.00019999999999995,8.000000000004999e-05,8.751734718919323e-05,0.0001519999999999496,0.00015999999999999999,0.999876
5,6,0.5,0.00013999999999995,0.00014,8.11675325676619e-05,0.00021999999999995,0.00010000000000005001,0.00010125661124851984,0.0001999999999999145,-0.00016,9.460597350922123e-05,0.00037999999999995,0.00037999999999999997,0.00012462771227641985,0.0002399999999999145,-0.0002,8.62661168294e-05,0.0002359999999999,0.000268,0.9997739999999999
5,7,0.5,0.00047999999999995,-0.0004799999999999,0.00012610207632824324,0.0,0.0,0.0,6.0000000000004494e-05,-2e-05,4.8281442113046484e-05,6.0000000000060005e-05,2e-05,6.000000000000001e-05,8.000000000002e-05,3.999999999995e-05,6.927741180641443e-05,0.0001359999999999669,0.000152,0.999848
5,8,0.5,0.00045999999999999,0.00045999999999995,0.0001197522617067119,0.0002399999999999145,-0.00024,8.62661168294e-05,7.999999999996898e-05,0.0,5.656288422609296e-05,8.000000000002e-05,7.999999999995e-05,5.463408586899324e-05,0.0001799999999999,1.9999999999999998e-05,8.469145964543756e-05,0.00020799999999995,0.00020800000000000001,0.999816
5,9,0.5,0.00031999999999998447,0.00031999999999999997,0.00010301722395424648,0.00025999999999996447,0.00022,0.00010386180785982121,2.000000000002e-05,-2e-05,3.464332593742122e-05,0.00045999999999995,-0.00030000000000000003,0.00012700888137695917,0.0,0.0,0.0,0.0002119999999999947,0.000228,0.9997860000000001
5,10,0.5,4.000000000004e-05,0.0,4e-05,4.0000000000040004e-05,4e-05,2.8281442113046482e-05,0.0001399999999999345,6e-05,7.29849059602249e-05,2.000000000002e-05,2e-05,2e-05,5.999999999994898e-05,-6.000000000000001e-05,4.8281442113046484e-05,6.0000000000004494e-05,6.000000000000001e-05,0.9999260000000001
5,11,0.5,3.999999999998449e-05,-4e-05,2.828144211304648e-05,8e-05,8e-05,3.998799579825916e-05,2.000000000002e-05,-2e-05,6.0004000600100024e-05,6e-05,-5.999999999995e-05,3.4634085868993225e-05,2.000000000002e-05,2e-05,2e-05,4.400000000001069e-05,6e-05,0.999946
5,12,0.5,6.0000000000004494e-05,-2e-05,4.828144211304648e-05,7.999999999996898e-05,-8e-05,5.656288422609296e-05,1.999999999996449e-05,-2e-05,4.828710009892144e-05,3.999999999998449e-05,-4e-05,5.4643325937421216e-05,0.0,0.0,0.0,3.999999999998449e-05,5.6000000000000006e-05,0.999892
5,13,0.5,9.999999999998449e-05,9.999999999995001e-05,6.291552798203971e-05,2.000000000002e-05,-2e-05,2e-05,0.00032,-0.00031999999999995,0.00010919376064175916,2.000000000002e-05,-2e-05,2e-05,2.000000000002e-05,2e-05,2e-05,9.600000000000979e-05,9.6e-05,0.999924
5,14,0.5,0.00104000000000002,-0.0010400000000000001,0.00016763563003505,2.000000000002e-05,2e-05,3.464332593742121e-05,9.999999999998449e-05,-1.9999999999949996e-05,8.362551401725607e-05,2.000000000002e-05,2e-05,2e-05,0.00031999999999995,0.00019999999999999998,0.000143708961725,0.00030000000000000003,0.00037999999999995,0.9997180000000001
5,15,0.5,7.999999999995e-05,-8e-05,3.998799579825916e-05,8.000000000002e-05,7.999999999995e-05,5.463408586899322e-05,0.00012,-0.0001199999999999,7.935186685136306e-05,0.00021999999999997,0.00018,8.31885951712e-05,6e-05,5.999999999995e-05,6.292118596791467e-05,0.00011199999999995979,0.000128,0.999892
5,16,0.5,9.999999999997e-05,6.000000000000001e-05,5.9987995798259166e-05,6.0000000000004494e-05,-6.000000000000001e-05,4.8281442113046484e-05,2.000000000002e-05,2e-05,3.464332593742121e-05,2.000000000002e-05,-2e-05,2e-05,0.00019999999999995,-0.0001999999999999,8.895928727854842e-05,8.00000000000023e-05,8.8e-05,0.999872
5,17,0.5,2.000000000002e-05,-2e-05,2e-05,9.999999999995e-05,-0.0001,4.470346384717841e-05,0.0,0.0,0.0,4.0000000000040004e-05,-4e-05,5.6568542211967915e-05,3.999999999992898e-05,4e-05,4e-05,3.999999999999559e-05,4.800000000000001e-05,0.999928
5,18,0.5,7.999999999995e-05,8e-05,4.89816275757349e-05,0.0002599999999999145,-0.00025999999999995,8.92057648435e-05,3.999999999998449e-05,-4e-05,2.8281442113046476e-05,0.00025999999999996447,-0.00025999999999995,8.92057648435e-05,7.999999999996898e-05,0.0,5.656288422609296e-05,0.0001439999999999,0.000152,0.999872
5,19,0.5,0.0001199999999999845,0.00012000000000000002,7.726306968878138e-05,1.999999999996449e-05,2e-05,2e-05,0.0,0.0,0.0,6.0000000000004494e-05,-2e-05,4.8281442113046484e-05,7.999999999996898e-05,-8e-05,5.6562884226092965e-05,5.5999999999989394e-05,6.400000000000001e-05,0.999924
